"Date","Region","Pension assets (millions)","Pension liabilities (millions)","Funding status (millions)","Assets as a percent of liabilities","Funding status as a percent of state GDP","Funding status as a percent of state revenue"
2013,"United States","3595747.015","4950571.751","-1354824.736","72.633","-8.187","-39.616"
2013,"Alabama","35580.053","51316.681","-15736.628","69.334","-8.138","-35.249"
2013,"Alaska","11549.336","22809.391","-11260.055","50.634","-19.709","-64.818"
2013,"Arizona","45003.088","70032.046","-25028.958","64.261","-9.124","-43.721"
2013,"Arkansas","25339.982","30268.616","-4928.634","83.717","-4.234","-18.471"
2013,"California","722146.175","936572.275","-214426.100","77.105","-9.677","-42.550"
2013,"Colorado","50793.397","81371.066","-30577.669","62.422","-10.661","-55.745"
2013,"Connecticut","36846.914","78623.106","-41776.192","46.865","-17.200","-91.803"
2013,"Delaware","9509.209","10497.800","-988.591","90.583","-1.641","-9.059"
2013,"District of Columbia","8849.290","6566.870","2282.420","134.757","2.040","16.195"
2013,"Florida","178134.937","207514.959","-29380.022","85.842","-3.674","-17.168"
2013,"Georgia","89553.957","129657.681","-40103.724","69.070","-8.855","-46.515"
2013,"Hawaii","13463.431","23041.026","-9577.595","58.432","-12.915","-58.454"
2013,"Idaho","13515.910","15191.158","-1675.248","88.972","-2.763","-13.246"
2013,"Illinois","150045.937","325615.883","-175569.946","46.081","-24.547","-126.081"
2013,"Indiana","30632.385","38265.008","-7632.623","80.053","-2.481","-13.602"
2013,"Iowa","29952.205","33284.474","-3332.269","89.989","-2.027","-9.795"
2013,"Kansas","17466.957","26021.224","-8554.267","67.126","-6.092","-29.857"
2013,"Kentucky","30011.210","62162.179","-32150.969","48.279","-17.684","-84.400"
2013,"Louisiana","43459.808","73581.109","-30121.301","59.064","-12.294","-63.943"
2013,"Maine","12528.626","15432.222","-2903.596","81.185","-5.453","-22.230"
2013,"Maryland","59929.629","88517.082","-28587.453","67.704","-8.499","-44.725"
2013,"Massachusetts","71346.698","134327.596","-62980.898","53.114","-14.398","-78.242"
2013,"Michigan","82151.316","125564.970","-43413.654","65.425","-10.057","-45.610"
2013,"Minnesota","58558.296","78214.408","-19656.112","74.869","-6.411","-30.189"
2013,"Mississippi","25200.561","41248.918","-16048.357","61.094","-15.608","-53.868"
2013,"Missouri","68124.447","95939.972","-27815.525","71.007","-10.196","-48.375"
2013,"Montana","9742.142","13236.077","-3493.935","73.603","-8.178","-33.477"
2013,"Nebraska","14510.447","18460.617","-3950.170","78.602","-3.689","-17.471"
2013,"Nevada","32516.758","47200.569","-14683.811","68.891","-11.468","-57.969"
2013,"New Hampshire","7226.259","11889.483","-4663.224","60.779","-6.910","-38.607"
2013,"New Jersey","80507.641","167131.469","-86623.828","48.170","-16.223","-83.952"
2013,"New Mexico","25277.886","38485.024","-13207.138","65.682","-14.821","-58.714"
2013,"New York","419349.832","494289.506","-74939.674","84.839","-5.654","-22.649"
2013,"North Carolina","85252.070","96259.344","-11007.274","88.565","-2.402","-12.047"
2013,"North Dakota","4476.366","6558.157","-2081.791","68.256","-4.014","-18.675"
2013,"Ohio","176132.934","244835.826","-68702.892","71.939","-12.334","-53.599"
2013,"Oklahoma","29209.626","39349.733","-10140.107","74.231","-5.758","-28.236"
2013,"Oregon","64740.134","72998.600","-8258.466","88.687","-4.046","-18.141"
2013,"Pennsylvania","103368.754","186664.397","-83295.643","55.377","-13.080","-63.091"
2013,"Rhode Island","9123.047","16420.899","-7297.852","55.558","-13.886","-60.165"
2013,"South Carolina","29598.191","51740.642","-22142.451","57.205","-12.210","-49.879"
2013,"South Dakota","10624.094","14503.431","-3879.337","73.252","-8.688","-46.284"
2013,"Tennessee","46960.368","52148.234","-5187.866","90.052","-1.808","-9.014"
2013,"Texas","229469.925","252012.254","-22542.329","91.055","-1.450","-9.680"
2013,"Utah","25186.806","29083.345","-3896.539","86.602","-2.910","-14.414"
2013,"Vermont","3944.238","6514.059","-2569.821","60.550","-8.974","-34.615"
2013,"Virginia","76387.975","98654.979","-22267.004","77.429","-4.927","-28.530"
2013,"Washington","73765.365","84904.025","-11138.660","86.881","-2.767","-14.303"
2013,"West Virginia","13613.962","17699.661","-4085.699","76.917","-5.830","-22.626"
2013,"Wisconsin","97707.228","78553.003","19154.225","124.384","6.824","29.632"
2013,"Wyoming","7361.211","9340.697","-1979.486","78.808","-4.762","-19.098"
2012,"United States","3072010.619","4789631.963","-1717621.344","64.139","-10.708","-56.640"
2012,"Alabama","30972.944","50718.227","-19745.283","61.069","-10.529","-45.129"
2012,"Alaska","9736.694","21992.726","-12256.032","44.272","-20.956","-67.324"
2012,"Arizona","38492.138","66625.699","-28133.561","57.774","-10.530","-54.274"
2012,"Arkansas","21019.683","29031.533","-8011.850","72.403","-7.157","-34.041"
2012,"California","606806.108","903833.144","-297027.036","67.137","-13.983","-71.981"
2012,"Colorado","43890.261","79244.144","-35353.883","55.386","-12.808","-74.526"
2012,"Connecticut","33574.130","75459.438","-41885.308","44.493","-17.530","-104.841"
2012,"Delaware","8123.515","10158.027","-2034.512","79.971","-3.403","-20.857"
2012,"District of Columbia","7940.495","6274.046","1666.449","126.561","1.513","12.696"
2012,"Florida","152991.287","200209.809","-47218.522","76.415","-6.161","-30.216"
2012,"Georgia","76615.520","125983.160","-49367.640","60.814","-11.305","-68.128"
2012,"Hawaii","11673.328","22206.149","-10532.821","52.568","-14.567","-75.846"
2012,"Idaho","11591.807","14319.288","-2727.481","80.952","-4.700","-23.578"
2012,"Illinois","127832.631","310264.055","-182431.424","41.201","-25.721","-154.030"
2012,"Indiana","26417.550","37401.623","-10984.073","70.632","-3.676","-20.440"
2012,"Iowa","25931.425","31825.178","-5893.753","81.481","-3.700","-18.484"
2012,"Kansas","14851.435","24974.004","-10122.569","59.468","-7.248","-38.695"
2012,"Kentucky","26822.109","59734.749","-32912.640","44.902","-18.559","-92.057"
2012,"Louisiana","37069.664","71127.390","-34057.726","52.117","-13.686","-81.240"
2012,"Maine","10655.188","14781.287","-4126.099","72.086","-7.836","-35.060"
2012,"Maryland","50830.481","85289.839","-34459.358","59.597","-10.423","-60.987"
2012,"Massachusetts","61327.979","128883.419","-67555.440","47.584","-15.716","-92.235"
2012,"Michigan","72451.387","124270.736","-51819.349","58.301","-12.515","-57.357"
2012,"Minnesota","49740.694","74016.836","-24276.142","67.202","-8.237","-43.147"
2012,"Mississippi","20972.047","39656.852","-18684.805","52.884","-18.383","-69.833"
2012,"Missouri","54991.855","92218.533","-37226.678","59.632","-14.021","-75.315"
2012,"Montana","8853.200","12601.328","-3748.128","70.256","-9.032","-41.923"
2012,"Nebraska","11823.954","17670.886","-5846.932","66.912","-5.698","-28.904"
2012,"Nevada","26759.604","44001.502","-17241.898","60.815","-13.735","-76.608"
2012,"New Hampshire","6007.613","11430.340","-5422.727","52.558","-8.163","-49.785"
2012,"New Jersey","71060.245","161475.594","-90415.349","44.007","-17.313","-98.301"
2012,"New Mexico","21567.135","37576.825","-16009.690","57.395","-18.245","-80.914"
2012,"New York","347370.704","478569.098","-131198.394","72.585","-10.096","-44.489"
2012,"North Carolina","76466.845","92991.323","-16524.478","82.230","-3.724","-18.927"
2012,"North Dakota","3873.305","6149.976","-2276.671","62.981","-4.574","-23.180"
2012,"Ohio","149934.988","244723.255","-94788.267","61.267","-17.396","-87.377"
2012,"Oklahoma","24387.622","38107.800","-13720.178","63.996","-8.088","-42.316"
2012,"Oregon","55555.396","73947.174","-18391.778","75.128","-9.023","-49.090"
2012,"Pennsylvania","91938.307","181808.573","-89870.266","50.569","-14.463","-74.794"
2012,"Rhode Island","8083.293","16405.470","-8322.177","49.272","-16.190","-73.887"
2012,"South Carolina","25953.812","49360.301","-23406.489","52.580","-13.323","-58.019"
2012,"South Dakota","8668.131","13355.501","-4687.370","64.903","-10.828","-68.481"
2012,"Tennessee","42860.554","50491.309","-7630.755","84.887","-2.729","-13.957"
2012,"Texas","201749.042","240558.018","-38808.976","83.867","-2.677","-17.643"
2012,"Utah","21387.300","27993.675","-6606.375","76.400","-5.171","-27.415"
2012,"Vermont","3419.279","6137.089","-2717.810","55.715","-9.592","-36.529"
2012,"Virginia","65766.391","97575.820","-31809.429","67.400","-7.158","-47.194"
2012,"Washington","61617.758","82320.967","-20703.209","74.851","-5.299","-29.887"
2012,"West Virginia","11136.624","17039.423","-5902.799","65.358","-8.605","-34.630"
2012,"Wisconsin","86075.123","78088.500","7986.623","110.228","2.930","15.024"
2012,"Wyoming","6372.040","8752.325","-2380.285","72.804","-5.835","-25.065"
2011,"United States","2882968.554","4604075.633","-1721107.079","62.618","-11.172","-50.023"
2011,"Alabama","26823.662","50593.206","-23769.544","53.018","-13.046","-57.440"
2011,"Alaska","9192.861","21042.323","-11849.462","43.687","-20.877","-64.562"
2011,"Arizona","35620.984","63836.327","-28215.343","55.800","-11.000","-48.158"
2011,"Arkansas","19697.639","27800.484","-8102.845","70.854","-7.405","-29.257"
2011,"California","568587.458","857303.565","-288716.107","66.323","-14.185","-55.406"
2011,"Colorado","41792.085","77940.425","-36148.340","53.621","-13.567","-69.714"
2011,"Connecticut","31517.090","72032.816","-40515.726","43.754","-17.387","-95.269"
2011,"Delaware","7682.246","9663.432","-1981.186","79.498","-3.351","-17.909"
2011,"District of Columbia","7196.392","6009.572","1186.820","119.749","1.096","8.966"
2011,"Florida","146188.479","191750.098","-45561.619","76.239","-6.181","-25.284"
2011,"Georgia","71193.618","120652.727","-49459.109","59.007","-11.722","-58.468"
2011,"Hawaii","11326.013","21511.061","-10185.048","52.652","-14.603","-63.875"
2011,"Idaho","10941.850","13591.741","-2649.891","80.504","-4.650","-18.784"
2011,"Illinois","120965.493","293677.343","-172711.850","41.190","-25.409","-127.042"
2011,"Indiana","25122.632","36347.994","-11225.362","69.117","-3.859","-19.657"
2011,"Iowa","24496.723","30498.364","-6001.641","80.321","-4.017","-17.336"
2011,"Kansas","13849.439","23895.925","-10046.486","57.957","-7.345","-35.196"
2011,"Kentucky","25761.554","57433.203","-31671.649","44.855","-18.395","-77.312"
2011,"Louisiana","34611.171","68972.059","-34360.888","50.181","-14.256","-69.732"
2011,"Maine","10094.576","14268.184","-4173.608","70.749","-8.093","-29.979"
2011,"Maryland","47322.292","82038.463","-34716.171","57.683","-10.741","-55.278"
2011,"Massachusetts","57476.132","123194.228","-65718.096","46.655","-15.914","-79.322"
2011,"Michigan","67680.417","121505.078","-53824.661","55.702","-13.495","-57.533"
2011,"Minnesota","46629.486","71413.844","-24784.358","65.295","-8.703","-38.936"
2011,"Mississippi","19367.335","37798.542","-18431.207","51.238","-18.962","-58.514"
2011,"Missouri","51594.996","88952.209","-37357.213","58.003","-14.496","-65.363"
2011,"Montana","8027.193","12292.173","-4264.980","65.303","-10.609","-41.483"
2011,"Nebraska","10764.813","16710.627","-5945.814","64.419","-5.980","-27.209"
2011,"Nevada","24365.413","40958.542","-16593.129","59.488","-13.508","-63.957"
2011,"New Hampshire","5659.569","11003.862","-5344.293","51.433","-8.319","-43.948"
2011,"New Jersey","68938.448","155946.414","-87007.966","44.206","-17.442","-82.680"
2011,"New Mexico","20574.168","36538.927","-15964.759","56.308","-18.455","-65.762"
2011,"New York","320381.727","461030.440","-140648.713","69.493","-11.434","-43.351"
2011,"North Carolina","72307.974","89553.661","-17245.687","80.743","-3.985","-18.359"
2011,"North Dakota","3592.027","5780.259","-2188.232","62.143","-5.354","-22.610"
2011,"Ohio","142572.263","242169.652","-99597.389","58.873","-19.082","-75.319"
2011,"Oklahoma","22509.182","36680.321","-14171.139","61.366","-8.737","-39.896"
2011,"Oregon","52898.466","74939.374","-22040.908","70.588","-11.027","-46.862"
2011,"Pennsylvania","88410.209","176432.575","-88022.366","50.110","-14.565","-65.857"
2011,"Rhode Island","7768.051","16199.620","-8431.569","47.952","-16.895","-66.236"
2011,"South Carolina","24917.267","47025.323","-22108.056","52.987","-12.919","-48.320"
2011,"South Dakota","7887.264","12591.532","-4704.268","62.639","-11.070","-55.642"
2011,"Tennessee","40060.765","48754.447","-8693.682","82.168","-3.293","-14.420"
2011,"Texas","187750.543","229752.841","-42002.298","81.718","-3.106","-18.679"
2011,"Utah","19939.085","26873.801","-6934.716","74.195","-5.568","-27.335"
2011,"Vermont","3241.304","5785.394","-2544.090","56.026","-9.219","-33.597"
2011,"Virginia","61576.940","94456.901","-32879.961","65.191","-7.611","-42.982"
2011,"Washington","57532.467","77194.502","-19662.035","74.529","-5.279","-25.098"
2011,"West Virginia","9966.400","16403.879","-6437.479","60.756","-9.206","-34.379"
2011,"Wisconsin","82734.448","76894.560","5839.888","107.595","2.218","9.274"
2011,"Wyoming","5859.942","8382.793","-2522.851","69.904","-5.846","-24.604"
2010,"United States","3008079.285","4408675.750","-1400596.465","68.231","-9.425","-44.044"
2010,"Alabama","28123.950","49058.333","-20934.383","57.328","-11.875","-49.621"
2010,"Alaska","9630.018","20092.772","-10462.754","47.928","-19.933","-66.883"
2010,"Arizona","36032.415","61256.302","-25223.887","58.822","-10.166","-46.626"
2010,"Arkansas","19768.388","26324.821","-6556.433","75.094","-6.233","-26.718"
2010,"California","587785.603","817252.162","-229466.559","71.922","-11.680","-50.615"
2010,"Colorado","44775.191","75482.740","-30707.549","59.318","-11.911","-62.338"
2010,"Connecticut","30917.075","69407.432","-38490.357","44.544","-16.658","-97.623"
2010,"Delaware","7850.309","9304.202","-1453.893","84.374","-2.534","-14.790"
2010,"District of Columbia","6994.763","5560.033","1434.730","125.804","1.377","12.322"
2010,"Florida","153934.281","182636.559","-28702.278","84.284","-3.925","-17.206"
2010,"Georgia","74372.164","116076.837","-41704.673","64.071","-10.178","-54.609"
2010,"Hawaii","11805.576","20496.232","-8690.656","57.599","-12.884","-59.259"
2010,"Idaho","11206.165","13000.499","-1794.334","86.198","-3.229","-14.366"
2010,"Illinois","126623.776","277135.637","-150511.861","45.690","-23.028","-119.091"
2010,"Indiana","26077.565","35308.951","-9231.386","73.855","-3.271","-16.845"
2010,"Iowa","25035.497","28852.316","-3816.819","86.771","-2.696","-12.291"
2010,"Kansas","14032.446","22922.066","-8889.620","61.218","-6.947","-33.763"
2010,"Kentucky","26871.001","55407.283","-28536.282","48.497","-17.237","-75.976"
2010,"Louisiana","35503.395","66773.551","-31270.156","53.170","-13.438","-66.422"
2010,"Maine","10353.553","14587.512","-4233.959","70.975","-8.248","-33.718"
2010,"Maryland","48512.565","78875.609","-30363.044","61.505","-9.666","-52.811"
2010,"Massachusetts","59286.586","117541.694","-58255.108","50.439","-14.624","-76.551"
2010,"Michigan","75236.535","114492.020","-39255.485","65.713","-10.175","-41.842"
2010,"Minnesota","48081.605","68635.922","-20554.317","70.053","-7.557","-35.803"
2010,"Mississippi","22145.522","35850.855","-13705.333","61.771","-14.388","-47.770"
2010,"Missouri","53127.089","88902.095","-35775.006","59.759","-13.943","-69.342"
2010,"Montana","7751.131","11763.731","-4012.600","65.890","-10.753","-41.013"
2010,"Nebraska","10943.930","15635.503","-4691.573","69.994","-5.118","-23.317"
2010,"Nevada","24289.438","38812.600","-14523.162","62.581","-12.140","-63.592"
2010,"New Hampshire","5801.490","10529.127","-4727.637","55.099","-7.522","-40.823"
2010,"New Jersey","73948.589","151064.675","-77116.086","48.952","-15.602","-77.309"
2010,"New Mexico","22276.276","34586.420","-12310.144","64.408","-14.706","-55.961"
2010,"New York","339567.240","440065.802","-100498.562","77.163","-8.322","-32.028"
2010,"North Carolina","75266.991","86289.701","-11022.710","87.226","-2.627","-12.714"
2010,"North Dakota","3592.469","5455.779","-1863.310","65.847","-5.277","-23.615"
2010,"Ohio","150770.209","229284.928","-78514.719","65.757","-15.868","-63.684"
2010,"Oklahoma","22595.161","36210.784","-13615.623","62.399","-8.969","-41.336"
2010,"Oregon","55172.550","71794.368","-16621.818","76.848","-8.710","-40.510"
2010,"Pennsylvania","96220.563","170247.698","-74027.135","56.518","-12.637","-59.518"
2010,"Rhode Island","8233.178","16142.782","-7909.604","51.002","-16.051","-67.451"
2010,"South Carolina","26114.147","47157.201","-21043.054","55.377","-12.750","-49.503"
2010,"South Dakota","8021.276","11836.219","-3814.943","67.769","-9.984","-54.964"
2010,"Tennessee","40403.730","46559.811","-6156.081","86.778","-2.431","-11.338"
2010,"Texas","193856.020","218875.537","-25019.517","88.569","-2.002","-11.918"
2010,"Utah","21185.778","25847.560","-4661.782","81.964","-3.945","-19.305"
2010,"Vermont","3322.018","5371.280","-2049.262","61.848","-7.759","-29.207"
2010,"Virginia","64065.572","90804.543","-26738.971","70.553","-6.312","-37.611"
2010,"Washington","59195.289","74269.649","-15074.360","79.703","-4.162","-21.047"
2010,"West Virginia","10036.555","15610.214","-5573.659","64.295","-8.414","-32.799"
2010,"Wisconsin","85133.943","75207.499","9926.444","113.199","3.910","14.974"
2010,"Wyoming","6232.705","8017.904","-1785.199","77.735","-4.441","-17.543"
2009,"United States","2738519.553","3959833.200","-1221313.647","69.157","-8.529","-58.197"
2009,"Alabama","28344.166","44321.075","-15976.909","63.952","-9.433","-47.134"
2009,"Alaska","8950.768","17931.674","-8980.906","49.916","-18.120","-71.281"
2009,"Arizona","31713.797","54740.905","-23027.108","57.934","-9.479","-54.093"
2009,"Arkansas","17451.000","23020.002","-5569.002","75.808","-5.545","-32.804"
2009,"California","524243.244","723277.866","-199034.622","72.482","-10.390","-84.691"
2009,"Colorado","41784.767","72006.299","-30221.532","58.029","-12.090","-103.413"
2009,"Connecticut","27908.209","63007.401","-35099.192","44.294","-15.491","-121.432"
2009,"Delaware","7004.157","8446.221","-1442.064","82.927","-2.568","-19.323"
2009,"District of Columbia","6652.800","4927.982","1724.818","135.000","1.738","17.883"
2009,"Florida","139457.033","161916.069","-22459.036","86.129","-3.106","-18.966"
2009,"Georgia","67807.845","101374.392","-33566.547","66.889","-8.278","-53.116"
2009,"Hawaii","10366.726","18023.963","-7657.237","57.516","-11.780","-77.183"
2009,"Idaho","10022.413","11573.748","-1551.335","86.596","-2.872","-17.054"
2009,"Illinois","115656.846","245018.925","-129362.079","47.203","-20.177","-173.678"
2009,"Indiana","23208.216","32233.725","-9025.509","72.000","-3.434","-19.348"
2009,"Iowa","22015.934","25399.012","-3383.078","86.680","-2.474","-14.820"
2009,"Kansas","12755.354","20286.090","-7530.736","62.877","-6.174","-35.826"
2009,"Kentucky","24780.279","50767.150","-25986.871","48.812","-16.668","-92.490"
2009,"Louisiana","32056.865","60317.060","-28260.195","53.147","-13.419","-74.319"
2009,"Maine","9340.908","14250.877","-4909.969","65.546","-9.769","-51.766"
2009,"Maryland","43943.697","71561.749","-27618.052","61.407","-9.111","-69.034"
2009,"Massachusetts","53639.858","105541.971","-51902.113","50.823","-13.592","-98.774"
2009,"Michigan","76646.558","102041.982","-25395.424","75.113","-6.954","-35.191"
2009,"Minnesota","43869.624","64828.275","-20958.651","67.671","-8.077","-53.719"
2009,"Mississippi","21207.147","32188.087","-10980.940","65.885","-11.906","-50.466"
2009,"Missouri","48003.811","82859.862","-34856.051","57.934","-13.939","-103.984"
2009,"Montana","6893.200","10440.276","-3547.076","66.025","-10.044","-49.550"
2009,"Nebraska","9695.780","13571.782","-3876.002","71.441","-4.451","-24.442"
2009,"Nevada","21468.990","34112.355","-12643.365","62.936","-10.613","-74.619"
2009,"New Hampshire","5081.753","9285.695","-4203.942","54.727","-6.933","-46.085"
2009,"New Jersey","69671.154","145608.219","-75937.065","47.848","-15.665","-100.874"
2009,"New Mexico","19347.908","30505.582","-11157.674","63.424","-13.800","-78.679"
2009,"New York","304458.078","393861.489","-89403.411","77.301","-7.821","-50.751"
2009,"North Carolina","69093.832","76802.577","-7708.745","89.963","-1.880","-13.266"
2009,"North Dakota","3195.895","4695.614","-1499.719","68.061","-4.685","-24.957"
2009,"Ohio","139203.136","204592.169","-65389.033","68.039","-13.669","-109.066"
2009,"Oklahoma","19639.496","35280.344","-15640.848","55.667","-10.910","-59.272"
2009,"Oregon","49551.179","63878.803","-14327.624","77.571","-7.945","-74.006"
2009,"Pennsylvania","93365.371","152205.814","-58840.443","61.342","-10.397","-79.081"
2009,"Rhode Island","7597.296","16153.170","-8555.874","47.033","-17.878","-111.607"
2009,"South Carolina","23584.568","44237.876","-20653.308","53.313","-12.805","-63.975"
2009,"South Dakota","6931.688","10380.860","-3449.172","66.774","-9.475","-76.303"
2009,"Tennessee","37005.833","40879.242","-3873.409","90.525","-1.566","-9.222"
2009,"Texas","180480.598","192715.021","-12234.423","93.652","-1.045","-7.124"
2009,"Utah","19816.701","23096.160","-3279.459","85.801","-2.880","-19.835"
2009,"Vermont","2910.364","4722.681","-1812.317","61.625","-7.178","-32.728"
2009,"Virginia","57514.884","81200.454","-23685.570","70.831","-5.783","-50.581"
2009,"Washington","53108.874","68112.139","-15003.265","77.973","-4.276","-29.407"
2009,"West Virginia","8903.202","13744.739","-4841.537","64.775","-7.681","-33.955"
2009,"Wisconsin","75602.955","70854.467","4748.488","106.702","1.933","20.411"
2009,"Wyoming","5564.796","7033.310","-1468.514","79.121","-3.884","-19.601"
2008,"United States","2464636.793","3798991.000","-1334354.207","64.876","-9.123","-50.913"
2008,"Alabama","24402.265","42785.251","-18382.986","57.034","-10.580","-59.364"
2008,"Alaska","8341.545","17019.039","-8677.494","49.013","-15.853","-45.463"
2008,"Arizona","27532.408","52182.629","-24650.221","52.762","-9.523","-52.324"
2008,"Arkansas","15461.654","21857.054","-6395.400","70.740","-6.247","-32.605"
2008,"California","475575.542","681611.397","-206035.855","69.772","-10.316","-58.513"
2008,"Colorado","39294.008","72088.234","-32794.226","54.508","-12.841","-69.537"
2008,"Connecticut","25321.278","60305.516","-34984.238","41.988","-15.107","-107.129"
2008,"Delaware","6175.540","8102.103","-1926.563","76.221","-3.546","-22.921"
2008,"District of Columbia","6126.136","4765.549","1360.587","128.550","1.380","11.542"
2008,"Florida","121674.677","151375.488","-29700.811","80.379","-3.937","-19.986"
2008,"Georgia","58835.936","98148.407","-39312.471","59.946","-9.544","-53.826"
2008,"Hawaii","9012.271","17139.014","-8126.743","52.583","-12.230","-67.900"
2008,"Idaho","8577.964","11083.559","-2505.595","77.394","-4.452","-23.786"
2008,"Illinois","103793.783","229726.560","-125932.777","45.181","-19.482","-122.669"
2008,"Indiana","19912.338","31515.930","-11603.592","63.182","-4.224","-24.715"
2008,"Iowa","19918.568","24211.613","-4293.045","82.269","-3.139","-17.199"
2008,"Kansas","11647.217","19111.719","-7464.502","60.943","-5.923","-33.015"
2008,"Kentucky","23611.064","48395.728","-24784.664","48.787","-15.621","-84.054"
2008,"Louisiana","29341.030","58089.686","-28748.656","50.510","-13.167","-63.827"
2008,"Maine","8473.652","14054.566","-5580.914","60.291","-11.177","-52.673"
2008,"Maryland","39866.874","69156.802","-29289.928","57.647","-9.842","-65.202"
2008,"Massachusetts","49231.507","102028.289","-52796.782","48.253","-13.748","-80.274"
2008,"Michigan","69963.168","97981.234","-28018.066","71.405","-7.273","-40.554"
2008,"Minnesota","40212.057","65257.214","-25045.157","61.621","-9.441","-54.853"
2008,"Mississippi","19247.179","30658.555","-11411.376","62.779","-12.055","-48.509"
2008,"Missouri","42743.261","79528.799","-36785.538","53.746","-14.772","-87.657"
2008,"Montana","6025.564","9934.041","-3908.477","60.656","-10.689","-45.899"
2008,"Nebraska","8408.223","12672.576","-4264.353","66.350","-4.976","-24.940"
2008,"Nevada","18490.192","31755.399","-13265.207","58.227","-10.299","-66.355"
2008,"New Hampshire","4467.487","8687.381","-4219.894","51.425","-7.040","-43.675"
2008,"New Jersey","61969.113","147677.929","-85708.816","41.962","-17.355","-99.730"
2008,"New Mexico","16948.275","28805.381","-11857.106","58.837","-14.121","-72.016"
2008,"New York","274781.461","385708.368","-110926.907","71.241","-10.010","-45.817"
2008,"North Carolina","61590.054","73274.910","-11684.856","84.053","-2.850","-15.178"
2008,"North Dakota","2919.312","4318.349","-1399.037","67.602","-4.355","-21.270"
2008,"Ohio","127851.672","196381.624","-68529.952","65.104","-13.827","-67.907"
2008,"Oklahoma","17888.622","33822.983","-15934.361","52.889","-10.129","-59.389"
2008,"Oregon","45334.577","61886.614","-16552.037","73.254","-9.212","-56.667"
2008,"Pennsylvania","89367.648","145642.727","-56275.079","61.361","-9.954","-51.321"
2008,"Rhode Island","6905.189","16559.775","-9654.586","41.699","-20.373","-102.227"
2008,"South Carolina","22596.395","42586.722","-19990.327","53.060","-12.276","-56.583"
2008,"South Dakota","6115.589","9817.889","-3702.300","62.290","-10.046","-71.103"
2008,"Tennessee","32666.680","39041.818","-6375.138","83.671","-2.546","-13.229"
2008,"Texas","151646.197","182902.234","-31256.037","82.911","-2.511","-18.211"
2008,"Utah","18045.943","21740.632","-3694.689","83.006","-3.179","-16.077"
2008,"Vermont","2547.379","4523.373","-1975.994","56.316","-7.808","-32.481"
2008,"Virginia","54274.434","77018.396","-22743.962","70.469","-5.689","-39.102"
2008,"Washington","49818.841","66630.331","-16811.490","74.769","-4.764","-26.674"
2008,"West Virginia","7240.167","13069.336","-5829.169","55.398","-9.395","-42.626"
2008,"Wisconsin","67394.178","69604.990","-2210.812","96.824","-0.902","-5.326"
2008,"Wyoming","5050.676","6747.287","-1696.611","74.855","-3.893","-18.081"
2007,"United States","3292697.894","3588471.300","-295773.406","91.758","-2.055","-9.640"
2007,"Alabama","32418.736","40497.305","-8078.569","80.052","-4.741","-19.872"
2007,"Alaska","12469.547","16189.636","-3720.089","77.022","-7.548","-23.935"
2007,"Arizona","36146.368","49142.396","-12996.028","73.554","-4.956","-25.361"
2007,"Arkansas","19627.547","20481.605","-854.058","95.830","-0.861","-3.798"
2007,"California","643818.305","634357.878","9460.427","101.491","0.485","2.004"
2007,"Colorado","51300.470","68096.150","-16795.680","75.335","-6.851","-36.237"
2007,"Connecticut","33671.940","56836.275","-23164.335","59.244","-9.845","-62.052"
2007,"Delaware","8005.139","7690.141","314.998","104.096","0.555","3.408"
2007,"District of Columbia","7337.329","4387.518","2949.811","167.232","3.148","25.901"
2007,"Florida","155837.493","140599.177","15238.316","110.838","1.970","8.808"
2007,"Georgia","75280.357","94368.605","-19088.248","79.773","-4.636","-25.118"
2007,"Hawaii","12672.071","16233.261","-3561.190","78.062","-5.498","-26.325"
2007,"Idaho","11068.984","10407.935","661.049","106.351","1.202","5.372"
2007,"Illinois","138353.176","218194.574","-79841.398","63.408","-12.309","-66.036"
2007,"Indiana","28059.919","30648.721","-2588.802","91.553","-0.954","-5.200"
2007,"Iowa","27423.598","22749.531","4674.067","120.546","3.402","16.910"
2007,"Kansas","16720.251","17862.456","-1142.205","93.606","-0.934","-4.710"
2007,"Kentucky","32887.281","45515.559","-12628.278","72.255","-8.122","-37.363"
2007,"Louisiana","39439.368","55246.511","-15807.143","71.388","-7.539","-33.395"
2007,"Maine","12512.569","13365.099","-852.530","93.621","-1.730","-6.935"
2007,"Maryland","53577.018","65304.574","-11727.556","82.042","-4.042","-22.050"
2007,"Massachusetts","67478.431","97774.860","-30296.429","69.014","-8.015","-42.802"
2007,"Michigan","91906.020","93762.460","-1856.440","98.020","-0.461","-2.032"
2007,"Minnesota","53946.292","62844.145","-8897.853","85.841","-3.429","-16.375"
2007,"Mississippi","27278.908","28665.107","-1386.199","95.164","-1.508","-4.693"
2007,"Missouri","58075.190","75869.233","-17794.043","76.546","-7.356","-35.866"
2007,"Montana","8310.498","9396.652","-1086.154","88.441","-3.044","-11.857"
2007,"Nebraska","10997.710","11672.457","-674.747","94.219","-0.814","-3.705"
2007,"Nevada","23313.676","28824.179","-5510.503","80.882","-4.202","-23.754"
2007,"New Hampshire","5917.154","7984.663","-2067.509","74.106","-3.448","-19.917"
2007,"New Jersey","78488.627","137987.430","-59498.803","56.881","-12.346","-62.450"
2007,"New Mexico","23375.792","27026.213","-3650.421","86.493","-4.538","-17.319"
2007,"New York","383652.193","371036.563","12615.630","103.400","1.126","4.338"
2007,"North Carolina","77499.822","69212.512","8287.310","111.974","2.094","10.934"
2007,"North Dakota","4076.417","4047.406","29.011","100.717","0.101","0.459"
2007,"Ohio","169063.687","185376.217","-16312.530","91.200","-3.296","-13.409"
2007,"Oklahoma","24738.311","31489.271","-6750.960","78.561","-4.683","-22.367"
2007,"Oregon","63525.957","60054.523","3471.434","105.780","2.036","8.293"
2007,"Pennsylvania","119150.697","137432.669","-18281.972","86.698","-3.305","-15.049"
2007,"Rhode Island","9350.657","16052.023","-6701.366","58.252","-13.976","-59.413"
2007,"South Carolina","32604.915","39266.142","-6661.227","83.036","-4.139","-17.118"
2007,"South Dakota","8390.620","9325.223","-934.603","89.978","-2.673","-13.265"
2007,"Tennessee","41206.217","37580.083","3626.134","109.649","1.490","6.892"
2007,"Texas","189151.831","174657.603","14494.228","108.299","1.227","7.441"
2007,"Utah","24187.482","20128.401","4059.081","120.166","3.499","17.356"
2007,"Vermont","3486.897","4152.744","-665.847","83.966","-2.689","-10.452"
2007,"Virginia","73362.163","71869.419","1492.744","102.077","0.381","2.119"
2007,"Washington","66552.452","62848.472","3703.980","105.894","1.079","5.145"
2007,"West Virginia","8183.071","12130.001","-3946.930","67.461","-6.740","-25.767"
2007,"Wisconsin","89714.345","65457.852","24256.493","137.057","9.942","43.260"
2007,"Wyoming","7084.398","6371.870","712.528","111.182","1.938","8.346"
2006,"United States","3130424.645","3406455.200","-276030.555","91.897","-2.003","-10.066"
2006,"Alabama","32708.626","38909.577","-6200.951","84.063","-3.755","-17.347"
2006,"Alaska","14448.293","15655.669","-1207.376","92.288","-2.691","-9.115"
2006,"Arizona","34842.145","46439.692","-11597.547","75.027","-4.675","-24.749"
2006,"Arkansas","18434.681","19289.995","-855.314","95.566","-0.893","-4.113"
2006,"California","607883.229","595417.098","12466.131","102.094","0.667","3.037"
2006,"Colorado","46242.818","64287.608","-18044.790","71.931","-7.740","-43.792"
2006,"Connecticut","31221.013","53052.823","-21831.810","58.849","-9.879","-64.882"
2006,"Delaware","7088.296","7378.201","-289.905","96.071","-0.519","-3.421"
2006,"District of Columbia","6637.145","4021.168","2615.977","165.055","2.956","23.520"
2006,"Florida","146794.161","133864.690","12929.471","109.659","1.728","8.446"
2006,"Georgia","71458.896","90240.560","-18781.664","79.187","-4.768","-28.432"
2006,"Hawaii","13132.877","15562.042","-2429.165","84.390","-3.938","-20.245"
2006,"Idaho","10516.272","9759.597","756.675","107.753","1.460","6.976"
2006,"Illinois","133910.133","203686.279","-69776.146","65.743","-11.190","-64.721"
2006,"Indiana","29491.865","29198.117","293.748","101.006","0.114","0.582"
2006,"Iowa","25794.951","21607.696","4187.255","119.379","3.262","16.859"
2006,"Kansas","15902.633","16882.522","-979.889","94.196","-0.862","-4.540"
2006,"Kentucky","31726.929","43232.162","-11505.233","73.387","-7.550","-37.203"
2006,"Louisiana","36610.246","52246.695","-15636.449","70.072","-7.520","-39.275"
2006,"Maine","11714.943","12838.168","-1123.225","91.251","-2.332","-9.779"
2006,"Maryland","50868.638","61714.832","-10846.194","82.425","-3.898","-22.460"
2006,"Massachusetts","63315.907","94253.518","-30937.611","67.176","-8.612","-46.461"
2006,"Michigan","91926.341","91064.339","862.002","100.947","0.217","1.027"
2006,"Minnesota","53613.511","60925.117","-7311.606","87.999","-2.910","-14.991"
2006,"Mississippi","26265.566","27182.378","-916.812","96.627","-1.050","-3.823"
2006,"Missouri","59445.399","71291.799","-11846.400","83.383","-5.060","-26.802"
2006,"Montana","7877.076","8988.398","-1111.322","87.636","-3.405","-13.857"
2006,"Nebraska","10363.117","10630.974","-267.857","97.480","-0.341","-1.578"
2006,"Nevada","22607.105","26821.675","-4214.570","84.287","-3.361","-20.697"
2006,"New Hampshire","5670.142","7632.195","-1962.053","74.292","-3.354","-20.919"
2006,"New Jersey","67423.790","130998.278","-63574.488","51.469","-13.627","-74.381"
2006,"New Mexico","21909.857","25548.739","-3638.882","85.757","-4.693","-19.707"
2006,"New York","371335.768","356827.129","14508.639","104.066","1.339","5.452"
2006,"North Carolina","71259.671","65927.936","5331.735","108.087","1.380","7.815"
2006,"North Dakota","3943.109","3801.017","142.092","103.738","0.536","2.462"
2006,"Ohio","159348.356","177063.687","-17715.331","89.995","-3.674","-16.344"
2006,"Oklahoma","22852.513","29487.176","-6634.663","77.500","-4.850","-24.754"
2006,"Oregon","61488.031","58882.813","2605.218","104.424","1.598","7.193"
2006,"Pennsylvania","110218.595","131358.633","-21140.038","83.907","-3.989","-19.380"
2006,"Rhode Island","9664.714","15746.558","-6081.844","61.377","-12.761","-60.010"
2006,"South Carolina","32125.991","36329.459","-4203.468","88.430","-2.751","-12.113"
2006,"South Dakota","8006.593","8991.609","-985.016","89.045","-3.035","-16.266"
2006,"Tennessee","38576.653","36330.251","2246.402","106.183","0.938","4.756"
2006,"Texas","183825.626","164412.078","19413.548","111.808","1.774","10.961"
2006,"Utah","21531.550","18924.421","2607.129","113.777","2.452","12.550"
2006,"Vermont","3342.869","3843.047","-500.178","86.985","-2.063","-8.726"
2006,"Virginia","64995.849","66805.546","-1809.697","97.291","-0.478","-2.931"
2006,"Washington","62259.486","61321.250","938.236","101.530","0.297","1.488"
2006,"West Virginia","5765.874","11373.256","-5607.382","50.697","-9.881","-39.928"
2006,"Wisconsin","85353.985","62449.518","22904.467","136.677","9.687","47.759"
2006,"Wyoming","6682.809","5957.215","725.594","112.180","2.196","8.922"
2005,"United States","2828342.622","3140933.500","-312590.878","90.048","-2.400","-12.362"
2005,"Alabama","28893.739","35532.396","-6638.657","81.317","-4.204","-19.890"
2005,"Alaska","13189.058","14682.091","-1493.033","89.831","-3.707","-13.092"
2005,"Arizona","32770.687","42274.886","-9504.199","77.518","-4.186","-23.149"
2005,"Arkansas","17040.260","17860.602","-820.342","95.407","-0.910","-4.348"
2005,"California","544865.770","542138.998","2726.772","100.503","0.155","0.716"
2005,"Colorado","42801.211","58719.760","-15918.549","72.891","-7.157","-40.906"
2005,"Connecticut","27489.818","48456.823","-20967.005","56.731","-10.073","-68.767"
2005,"Delaware","6368.432","6820.651","-452.219","93.370","-0.855","-5.922"
2005,"District of Columbia","6614.932","3589.029","3025.903","184.310","3.604","30.120"
2005,"Florida","135390.970","122812.616","12578.354","110.242","1.796","9.284"
2005,"Georgia","66896.127","83776.691","-16880.564","79.851","-4.482","-27.996"
2005,"Hawaii","11087.531","13956.980","-2869.449","79.441","-4.937","-26.085"
2005,"Idaho","9188.133","8727.691","460.442","105.276","0.959","4.602"
2005,"Illinois","125350.936","186931.715","-61580.779","67.057","-10.458","-61.785"
2005,"Indiana","25917.381","26467.397","-550.016","97.922","-0.223","-1.242"
2005,"Iowa","22778.502","19809.914","2968.588","114.985","2.394","12.793"
2005,"Kansas","13161.337","15604.100","-2442.763","84.345","-2.286","-12.220"
2005,"Kentucky","29543.724","39612.958","-10069.234","74.581","-6.984","-35.873"
2005,"Louisiana","33160.279","48459.683","-15299.404","68.429","-7.633","-42.667"
2005,"Maine","9290.120","11937.264","-2647.144","77.825","-5.748","-23.255"
2005,"Maryland","45966.500","55347.046","-9380.546","83.051","-3.543","-20.810"
2005,"Massachusetts","56261.908","87994.998","-31733.090","63.938","-9.221","-51.166"
2005,"Michigan","82499.813","86061.872","-3562.059","95.861","-0.899","-4.390"
2005,"Minnesota","50283.241","57290.376","-7007.135","87.769","-2.862","-15.412"
2005,"Mississippi","22406.334","24962.882","-2556.548","89.759","-3.107","-12.109"
2005,"Missouri","54231.672","64424.519","-10192.847","84.179","-4.525","-24.656"
2005,"Montana","6879.151","8298.681","-1419.530","82.895","-4.666","-19.084"
2005,"Nebraska","9021.881","9736.649","-714.768","92.659","-0.961","-4.494"
2005,"Nevada","21021.129","24284.819","-3263.690","86.561","-2.795","-17.220"
2005,"New Hampshire","5169.523","7200.218","-2030.695","71.797","-3.618","-22.790"
2005,"New Jersey","59136.588","119882.141","-60745.553","49.329","-13.652","-76.771"
2005,"New Mexico","19859.680","23102.679","-3242.999","85.963","-4.379","-19.470"
2005,"New York","331633.792","332167.662","-533.870","99.839","-0.052","-0.227"
2005,"North Carolina","67228.146","61303.866","5924.280","109.664","1.656","9.141"
2005,"North Dakota","3457.648","3457.432","0.216","100.006","0.001","0.004"
2005,"Ohio","145099.338","163521.931","-18422.593","88.734","-3.935","-17.974"
2005,"Oklahoma","20527.825","27211.843","-6684.018","75.437","-5.343","-27.224"
2005,"Oregon","54163.355","55629.404","-1466.049","97.365","-0.993","-4.524"
2005,"Pennsylvania","100472.293","123354.984","-22882.691","81.450","-4.530","-22.068"
2005,"Rhode Island","9174.089","14496.440","-5322.351","63.285","-11.762","-54.693"
2005,"South Carolina","30354.235","33614.086","-3259.851","90.302","-2.252","-9.796"
2005,"South Dakota","7195.312","8354.427","-1159.115","86.126","-3.674","-19.791"
2005,"Tennessee","35535.087","33780.185","1754.902","105.195","0.767","3.909"
2005,"Texas","165070.930","154040.891","11030.039","107.160","1.103","6.775"
2005,"Utah","18014.384","17445.651","568.733","103.260","0.599","2.965"
2005,"Vermont","2973.671","3474.408","-500.737","85.588","-2.132","-9.285"
2005,"Virginia","56521.645","59930.386","-3408.741","94.312","-0.950","-6.016"
2005,"Washington","56585.418","57917.244","-1331.826","97.700","-0.449","-2.316"
2005,"West Virginia","4914.217","10568.488","-5654.271","46.499","-10.602","-38.763"
2005,"Wisconsin","78755.047","58017.061","20737.986","135.745","9.137","42.994"
2005,"Wyoming","6129.822","5887.986","241.836","104.107","0.872","3.327"
2004,"United States","2642625.637","2940109.800","-297484.163","89.882","-2.437","-12.221"
2004,"Alabama","26444.477","32175.466","-5730.989","82.188","-3.852","-17.967"
2004,"Alaska","12248.869","14010.203","-1761.334","87.428","-4.960","-15.967"
2004,"Arizona","32078.403","39117.453","-7039.050","82.005","-3.439","-18.337"
2004,"Arkansas","15768.547","16595.407","-826.860","95.018","-0.969","-4.587"
2004,"California","506662.910","503640.011","3022.899","100.600","0.184","0.844"
2004,"Colorado","39792.019","54025.302","-14233.283","73.654","-6.931","-36.785"
2004,"Connecticut","25702.585","45796.295","-20093.710","56.124","-10.101","-69.850"
2004,"Delaware","6325.433","6333.503","-8.070","99.873","-0.016","-0.113"
2004,"District of Columbia","4674.165","3313.946","1360.219","141.045","1.710","15.325"
2004,"Florida","133004.993","112399.667","20605.326","118.332","3.234","15.971"
2004,"Georgia","64674.881","78233.264","-13558.383","82.669","-3.841","-23.792"
2004,"Hawaii","9138.266","12747.198","-3608.932","71.688","-6.770","-35.472"
2004,"Idaho","8224.025","7924.361","299.664","103.782","0.674","3.072"
2004,"Illinois","118980.812","174406.704","-55425.892","68.220","-9.878","-55.106"
2004,"Indiana","22281.373","24431.849","-2150.476","91.198","-0.894","-5.237"
2004,"Iowa","21157.135","18657.368","2499.767","113.398","2.106","11.088"
2004,"Kansas","12232.119","14636.184","-2404.065","83.575","-2.372","-12.937"
2004,"Kentucky","27614.277","36312.632","-8698.355","76.046","-6.396","-32.416"
2004,"Louisiana","32186.999","46282.461","-14095.462","69.545","-8.165","-41.315"
2004,"Maine","8757.202","11304.227","-2547.025","77.468","-5.709","-22.551"
2004,"Maryland","43109.368","50759.375","-7650.007","84.929","-3.091","-17.228"
2004,"Massachusetts","51046.344","83722.376","-32676.032","60.971","-9.913","-53.624"
2004,"Michigan","72290.499","82165.033","-9874.534","87.982","-2.575","-12.391"
2004,"Minnesota","47071.442","53886.652","-6815.210","87.353","-2.939","-15.866"
2004,"Mississippi","19744.314","23726.095","-3981.781","83.218","-5.094","-19.264"
2004,"Missouri","49646.682","60595.948","-10949.266","81.931","-5.072","-27.426"
2004,"Montana","6449.101","7846.103","-1397.002","82.195","-4.993","-19.999"
2004,"Nebraska","8525.154","9109.121","-583.967","93.589","-0.819","-3.765"
2004,"Nevada","19359.012","21975.690","-2616.678","88.093","-2.530","-15.488"
2004,"New Hampshire","4775.553","6994.072","-2218.519","68.280","-4.174","-26.809"
2004,"New Jersey","57532.260","110908.602","-53376.342","51.874","-12.590","-70.672"
2004,"New Mexico","18645.555","21353.956","-2708.401","87.317","-3.862","-18.113"
2004,"New York","310787.976","317011.568","-6223.592","98.037","-0.652","-2.749"
2004,"North Carolina","63984.494","57700.085","6284.409","110.892","1.889","9.903"
2004,"North Dakota","3089.046","3209.732","-120.686","96.240","-0.516","-1.848"
2004,"Ohio","139015.333","153908.323","-14892.990","90.323","-3.303","-14.145"
2004,"Oklahoma","20073.261","25874.730","-5801.469","77.579","-5.082","-24.075"
2004,"Oregon","49829.137","50416.984","-587.847","98.834","-0.412","-1.743"
2004,"Pennsylvania","93694.128","115430.262","-21736.134","81.169","-4.511","-21.260"
2004,"Rhode Island","8373.343","13513.894","-5140.551","61.961","-11.814","-52.990"
2004,"South Carolina","27484.564","30270.220","-2785.656","90.797","-2.035","-8.952"
2004,"South Dakota","6518.091","7737.283","-1219.192","84.243","-3.960","-21.799"
2004,"Tennessee","34369.701","31791.326","2578.375","108.110","1.169","6.128"
2004,"Texas","149454.048","147125.815","2328.233","101.582","0.252","1.516"
2004,"Utah","16078.666","16463.061","-384.395","97.665","-0.444","-2.032"
2004,"Vermont","2770.378","3264.559","-494.181","84.862","-2.193","-9.385"
2004,"Virginia","51702.190","55767.418","-4065.228","92.710","-1.230","-7.517"
2004,"Washington","50821.498","54311.932","-3490.434","93.573","-1.285","-6.397"
2004,"West Virginia","5430.200","10058.092","-4627.892","53.988","-9.366","-34.038"
2004,"Wisconsin","77461.599","55033.184","22428.415","140.754","10.349","45.953"
2004,"Wyoming","5543.212","5834.808","-291.596","95.002","-1.230","-4.608"
2003,"United States","2468254.976","2551642.500","-83387.524","96.732","-0.728","-4.073"
2003,"Alabama","26174.255","27791.961","-1617.706","94.179","-1.187","NA"
2003,"Alaska","12671.958","12582.262","89.696","100.713","0.279","NA"
2003,"Arizona","30556.152","33380.651","-2824.499","91.539","-1.466","NA"
2003,"Arkansas","14808.766","14208.045","600.721","104.228","0.762","NA"
2003,"California","469980.407","432723.681","37256.726","108.610","2.427","NA"
2003,"Colorado","35698.636","45570.579","-9871.943","78.337","-5.044","NA"
2003,"Connecticut","25113.166","40289.932","-15176.766","62.331","-8.350","NA"
2003,"Delaware","6013.454","5501.279","512.175","109.310","1.111","NA"
2003,"District of Columbia","3519.659","2640.505","879.154","133.295","1.191","NA"
2003,"Florida","123056.197","96385.894","26670.303","127.670","4.553","NA"
2003,"Georgia","63395.671","67197.946","-3802.275","94.342","-1.134","NA"
2003,"Hawaii","8793.542","11313.762","-2520.220","77.724","-5.190","NA"
2003,"Idaho","7364.733","6807.468","557.265","108.186","1.355","NA"
2003,"Illinois","108281.485","150512.320","-42230.835","71.942","-7.939","NA"
2003,"Indiana","19408.769","20960.711","-1551.942","92.596","-0.687","NA"
2003,"Iowa","20687.088","16200.982","4486.106","127.690","4.195","NA"
2003,"Kansas","11429.387","12994.337","-1564.950","87.957","-1.603","NA"
2003,"Kentucky","26055.409","31068.516","-5013.107","83.864","-3.892","NA"
2003,"Louisiana","29276.586","41087.259","-11810.673","71.255","-7.496","NA"
2003,"Maine","8365.938","9841.356","-1475.418","85.008","-3.525","NA"
2003,"Maryland","40555.531","44043.875","-3488.344","92.080","-1.518","NA"
2003,"Massachusetts","45998.283","72836.376","-26838.093","63.153","-8.511","NA"
2003,"Michigan","67453.545","71886.842","-4433.297","93.833","-1.175","NA"
2003,"Minnesota","45910.798","47575.398","-1664.600","96.501","-0.763","NA"
2003,"Mississippi","18635.312","20849.706","-2214.394","89.379","-2.993","NA"
2003,"Missouri","45784.895","52751.893","-6966.998","86.793","-3.393","NA"
2003,"Montana","5682.556","6886.872","-1204.316","82.513","-4.670","NA"
2003,"Nebraska","7988.186","7713.731","274.455","103.558","0.406","NA"
2003,"Nevada","17235.259","18364.293","-1129.034","93.852","-1.249","NA"
2003,"New Hampshire","4284.385","6257.149","-1972.764","68.472","-3.924","NA"
2003,"New Jersey","56607.560","97157.873","-40550.313","58.263","-10.015","NA"
2003,"New Mexico","16919.150","18383.136","-1463.986","92.036","-2.303","NA"
2003,"New York","290471.749","281821.968","8649.781","103.069","0.963","NA"
2003,"North Carolina","59534.450","50625.861","8908.589","117.597","2.838","NA"
2003,"North Dakota","2831.888","2751.973","79.915","102.904","0.358","NA"
2003,"Ohio","131256.066","134142.582","-2886.516","97.848","-0.677","NA"
2003,"Oklahoma","18577.096","22448.255","-3871.159","82.755","-3.648","NA"
2003,"Oregon","45047.900","42272.178","2775.722","106.566","2.168","NA"
2003,"Pennsylvania","88079.304","100289.015","-12209.711","87.825","-2.663","NA"
2003,"Rhode Island","7169.949","11958.285","-4788.336","59.958","-11.773","NA"
2003,"South Carolina","24838.586","25160.397","-321.811","98.721","-0.243","NA"
2003,"South Dakota","6064.759","6771.053","-706.294","89.569","-2.458","NA"
2003,"Tennessee","33142.390","27342.239","5800.151","121.213","2.808","NA"
2003,"Texas","144474.885","127971.174","16503.711","112.896","1.954","NA"
2003,"Utah","13875.973","14432.904","-556.931","96.141","-0.695","NA"
2003,"Vermont","2563.982","2825.146","-261.164","90.756","-1.230","NA"
2003,"Virginia","47955.738","47482.004","473.734","100.998","0.153","NA"
2003,"Washington","46636.871","47141.112","-504.241","98.930","-0.194","NA"
2003,"West Virginia","4837.481","8967.993","-4130.512","53.942","-8.888","NA"
2003,"Wisconsin","72367.041","48526.848","23840.193","149.128","11.649","NA"
2003,"Wyoming","4822.151","4944.923","-122.772","97.517","-0.578","NA"
2002,"United States","1974771.065","2367850.200","-393079.135","83.399","-3.601","-21.758"
2002,"Alabama","21206.011","25664.573","-4458.562","82.628","-3.425","-18.491"
2002,"Alaska","9272.786","11963.474","-2690.688","77.509","-9.027","-38.478"
2002,"Arizona","24095.526","30706.688","-6611.162","78.470","-3.675","-21.976"
2002,"Arkansas","11962.508","13250.782","-1288.274","90.278","-1.735","-9.496"
2002,"California","364359.802","397885.184","-33525.382","91.574","-2.313","-13.371"
2002,"Colorado","29850.347","40518.242","-10667.895","73.671","-5.631","-40.523"
2002,"Connecticut","20763.879","37113.189","-16349.310","55.947","-9.350","-65.842"
2002,"Delaware","4911.613","5134.918","-223.305","95.651","-0.519","-3.842"
2002,"District of Columbia","2712.538","2407.033","305.505","112.692","0.439","4.155"
2002,"Florida","94573.102","91492.920","3080.182","103.367","0.560","3.302"
2002,"Georgia","51583.604","61436.329","-9852.725","83.963","-3.044","-21.342"
2002,"Hawaii","7372.919","10629.957","-3257.038","69.360","-7.208","-43.709"
2002,"Idaho","5794.049","6358.554","-564.505","91.122","-1.441","-8.214"
2002,"Illinois","85801.887","138261.493","-52459.606","62.058","-10.202","-71.209"
2002,"Indiana","15646.796","20211.296","-4564.500","77.416","-2.125","-13.338"
2002,"Iowa","16469.951","14996.459","1473.492","109.826","1.468","8.371"
2002,"Kansas","9187.791","12452.416","-3264.625","73.783","-3.512","-20.427"
2002,"Kentucky","21339.206","28336.078","-6996.872","75.308","-5.646","-31.132"
2002,"Louisiana","22622.884","38480.140","-15857.256","58.791","-11.183","-57.899"
2002,"Maine","6451.431","9117.871","-2666.440","70.756","-6.658","-33.250"
2002,"Maryland","33166.664","42523.855","-9357.191","77.995","-4.282","-27.959"
2002,"Massachusetts","36777.955","65504.035","-28726.080","56.146","-9.481","-68.556"
2002,"Michigan","57414.281","67182.060","-9767.779","85.461","-2.674","-15.406"
2002,"Minnesota","39048.898","44885.361","-5836.463","86.997","-2.832","-16.613"
2002,"Mississippi","15116.239","19249.245","-4133.006","78.529","-5.952","-25.985"
2002,"Missouri","35510.185","49696.418","-14186.233","71.454","-7.208","-46.329"
2002,"Montana","4459.689","6383.543","-1923.854","69.862","-8.036","-34.912"
2002,"Nebraska","6351.496","6686.335","-334.839","94.992","-0.537","-2.783"
2002,"Nevada","12945.195","16658.856","-3713.661","77.708","-4.387","-28.992"
2002,"New Hampshire","3474.066","5846.037","-2371.971","59.426","-4.993","-35.252"
2002,"New Jersey","49610.194","91222.526","-41612.332","54.384","-10.724","-75.886"
2002,"New Mexico","13757.210","16819.463","-3062.253","81.793","-5.204","-26.621"
2002,"New York","237234.202","263054.830","-25820.628","90.184","-2.935","-15.101"
2002,"North Carolina","49601.194","47254.185","2347.009","104.967","0.778","4.830"
2002,"North Dakota","2223.957","2528.716","-304.759","87.948","-1.500","-7.211"
2002,"Ohio","104455.293","123547.048","-19091.755","84.547","-4.634","-26.899"
2002,"Oklahoma","14153.465","20696.563","-6543.098","68.386","-6.574","-34.148"
2002,"Oregon","34233.168","40410.704","-6177.536","84.713","-5.064","-26.636"
2002,"Pennsylvania","73617.874","92981.941","-19364.067","79.174","-4.396","-26.276"
2002,"Rhode Island","5627.989","11031.542","-5403.553","51.017","-14.134","-78.750"
2002,"South Carolina","19814.510","22889.583","-3075.073","86.566","-2.440","-12.308"
2002,"South Dakota","4755.569","6187.764","-1432.195","76.854","-5.240","-36.128"
2002,"Tennessee","26638.249","25302.458","1335.791","105.279","0.676","3.989"
2002,"Texas","115449.057","118538.941","-3089.884","97.393","-0.386","-2.715"
2002,"Utah","11239.880","13475.811","-2235.931","83.408","-2.915","-16.216"
2002,"Vermont","2041.066","2623.080","-582.014","77.812","-2.899","-14.386"
2002,"Virginia","38603.288","43975.150","-5371.862","87.784","-1.837","-13.852"
2002,"Washington","38420.011","44287.367","-5867.356","86.752","-2.347","-13.929"
2002,"West Virginia","3918.205","8339.114","-4420.909","46.986","-9.806","-38.866"
2002,"Wisconsin","54897.274","47082.702","7814.572","116.598","3.996","24.868"
2002,"Wyoming","4236.114","4567.371","-331.257","92.747","-1.719","-7.622"
2001,"United States","2113435.801","2188961.000","-75525.199","96.550","-0.715","-3.994"
2001,"Alabama","22550.854","23779.523","-1228.669","94.833","-0.984","NA"
2001,"Alaska","8964.557","11130.121","-2165.564","80.543","-7.482","NA"
2001,"Arizona","27659.193","27745.595","-86.402","99.689","-0.050","NA"
2001,"Arkansas","13283.733","12389.326","894.407","107.219","1.257","NA"
2001,"California","365774.291","364542.856","1231.435","100.338","0.088","NA"
2001,"Colorado","31770.448","36200.526","-4430.078","87.762","-2.391","NA"
2001,"Connecticut","21547.760","34074.307","-12526.547","63.238","-7.269","NA"
2001,"Delaware","5431.731","4751.576","680.155","114.314","1.570","NA"
2001,"District of Columbia","3548.573","2132.213","1416.360","166.427","2.166","NA"
2001,"Florida","99258.138","87025.097","12233.041","114.057","2.357","NA"
2001,"Georgia","55185.995","56666.639","-1480.644","97.387","-0.468","NA"
2001,"Hawaii","8536.262","9917.697","-1381.435","86.071","-3.228","NA"
2001,"Idaho","6410.935","5939.314","471.621","107.941","1.247","NA"
2001,"Illinois","91530.732","123471.738","-31941.006","74.131","-6.338","NA"
2001,"Indiana","17476.695","19291.891","-1815.196","90.591","-0.876","NA"
2001,"Iowa","17477.406","13826.614","3650.792","126.404","3.799","NA"
2001,"Kansas","10305.678","11659.391","-1353.713","88.390","-1.500","NA"
2001,"Kentucky","23290.466","25941.964","-2651.498","89.779","-2.229","NA"
2001,"Louisiana","25344.947","36251.989","-10907.042","69.913","-7.776","NA"
2001,"Maine","6658.238","8539.189","-1880.951","77.973","-4.909","NA"
2001,"Maryland","36014.235","41254.233","-5239.998","87.298","-2.540","NA"
2001,"Massachusetts","41562.617","59493.156","-17930.539","69.861","-6.051","NA"
2001,"Michigan","65741.527","62854.967","2886.560","104.592","0.822","NA"
2001,"Minnesota","43349.438","42230.729","1118.709","102.649","0.564","NA"
2001,"Mississippi","16798.104","17640.882","-842.778","95.223","-1.246","NA"
2001,"Missouri","36520.320","45828.407","-9308.087","79.689","-4.854","NA"
2001,"Montana","4875.867","5763.966","-888.099","84.592","-3.851","NA"
2001,"Nebraska","7048.767","6087.348","961.419","115.794","1.597","NA"
2001,"Nevada","13506.065","15226.000","-1719.935","88.704","-2.146","NA"
2001,"New Hampshire","3999.190","5459.059","-1459.869","73.258","-3.232","NA"
2001,"New Jersey","55394.886","84165.456","-28770.570","65.817","-7.709","NA"
2001,"New Mexico","15072.736","15489.130","-416.394","97.312","-0.732","NA"
2001,"New York","252706.710","247661.396","5045.314","102.037","0.584","NA"
2001,"North Carolina","56242.434","43888.619","12353.815","128.148","4.237","NA"
2001,"North Dakota","2448.765","2330.468","118.297","105.076","0.623","NA"
2001,"Ohio","115751.866","114810.644","941.222","100.820","0.237","NA"
2001,"Oklahoma","14921.673","19874.460","-4952.787","75.080","-5.070","NA"
2001,"Oregon","29308.925","38858.269","-9549.344","75.425","-8.137","NA"
2001,"Pennsylvania","84700.995","84678.885","22.110","100.026","0.005","NA"
2001,"Rhode Island","6576.647","10106.591","-3529.944","65.073","-9.774","NA"
2001,"South Carolina","20432.012","20849.238","-417.226","97.999","-0.344","NA"
2001,"South Dakota","5005.715","5775.453","-769.738","86.672","-3.155","NA"
2001,"Tennessee","28805.796","23730.292","5075.504","121.388","2.693","NA"
2001,"Texas","123418.950","107351.947","16067.003","114.967","2.040","NA"
2001,"Utah","12893.615","12489.712","403.903","103.234","0.544","NA"
2001,"Vermont","2258.110","2502.113","-244.003","90.248","-1.273","NA"
2001,"Virginia","42837.724","40524.292","2313.432","105.709","0.813","NA"
2001,"Washington","43870.466","41777.523","2092.943","105.010","0.869","NA"
2001,"West Virginia","4217.474","7705.344","-3487.870","54.734","-7.981","NA"
2001,"Wisconsin","60886.973","43391.157","17495.816","140.321","9.298","NA"
2001,"Wyoming","4260.568","3883.698","376.870","109.704","2.004","NA"
2000,"United States","2101263.148","2006392.100","94871.048","104.728","0.928","4.884"
2000,"Alabama","22630.826","22153.297","477.529","102.156","0.397","1.856"
2000,"Alaska","10047.722","10121.383","-73.661","99.272","-0.274","-0.700"
2000,"Arizona","30055.305","24593.736","5461.569","122.207","3.288","19.662"
2000,"Arkansas","13403.435","11379.027","2024.408","117.791","2.929","14.635"
2000,"California","357139.972","328304.731","28835.241","108.783","2.094","10.665"
2000,"Colorado","27154.815","32317.874","-5163.059","84.024","-2.895","-17.441"
2000,"Connecticut","20508.432","31629.841","-11121.409","64.839","-6.660","-43.059"
2000,"Delaware","5744.259","4325.370","1418.889","132.804","3.404","22.798"
2000,"District of Columbia","4615.391","1917.982","2697.409","240.638","4.462","42.259"
2000,"Florida","89066.785","80415.199","8651.586","110.759","1.764","9.363"
2000,"Georgia","48956.768","53109.709","-4152.941","92.180","-1.362","-8.422"
2000,"Hawaii","8603.410","9206.665","-603.255","93.448","-1.463","-7.107"
2000,"Idaho","6861.414","5400.568","1460.846","127.050","3.803","19.246"
2000,"Illinois","87293.018","112087.609","-24794.591","77.879","-5.030","-30.726"
2000,"Indiana","17642.926","17904.440","-261.514","98.539","-0.127","-0.799"
2000,"Iowa","18908.142","12658.725","6249.417","149.368","6.577","36.292"
2000,"Kansas","10481.329","11039.295","-557.966","94.946","-0.638","-3.437"
2000,"Kentucky","23284.753","23370.270","-85.517","99.634","-0.074","-0.339"
2000,"Louisiana","26548.685","34085.557","-7536.872","77.888","-5.614","-27.802"
2000,"Maine","7046.023","7992.005","-945.982","88.163","-2.579","-11.058"
2000,"Maryland","39468.559","38571.285","897.274","102.326","0.465","2.643"
2000,"Massachusetts","42515.470","54133.154","-11617.684","78.539","-4.012","-25.200"
2000,"Michigan","70033.937","58532.787","11501.150","119.649","3.267","16.404"
2000,"Minnesota","43748.409","39147.617","4600.792","111.752","2.384","11.862"
2000,"Mississippi","17053.500","16338.408","715.092","104.377","1.081","4.289"
2000,"Missouri","36895.431","41234.716","-4339.285","89.477","-2.312","-13.717"
2000,"Montana","5103.233","5098.794","4.439","100.087","0.020","0.079"
2000,"Nebraska","7040.044","5654.327","1385.717","124.507","2.408","11.894"
2000,"Nevada","13690.314","13642.148","48.166","100.353","0.064","0.405"
2000,"New Hampshire","4295.547","5115.527","-819.980","83.971","-1.858","-11.802"
2000,"New Jersey","55431.428","75106.307","-19674.879","73.804","-5.455","-31.565"
2000,"New Mexico","14413.366","14090.037","323.329","102.295","0.582","2.473"
2000,"New York","239066.586","234810.842","4255.744","101.812","0.516","2.253"
2000,"North Carolina","56339.393","40435.956","15903.437","139.330","5.742","31.466"
2000,"North Dakota","2623.830","2082.193","541.637","126.013","3.011","12.049"
2000,"Ohio","113387.742","106592.450","6795.292","106.375","1.736","8.486"
2000,"Oklahoma","15355.222","18131.260","-2776.038","84.689","-3.015","-14.798"
2000,"Oregon","22011.450","37099.535","-15088.085","59.331","-12.777","-52.674"
2000,"Pennsylvania","91388.013","75073.364","16314.649","121.732","3.984","20.255"
2000,"Rhode Island","6849.884","9486.746","-2636.862","72.205","-7.664","-35.502"
2000,"South Carolina","19557.936","19117.655","440.281","102.303","0.377","1.876"
2000,"South Dakota","5490.611","5186.812","303.799","105.857","1.306","7.102"
2000,"Tennessee","29248.090","22002.667","7245.423","132.930","3.963","21.548"
2000,"Texas","132374.073","95035.168","37338.905","139.290","4.965","30.944"
2000,"Utah","12866.559","11400.008","1466.551","112.864","2.079","9.807"
2000,"Vermont","2374.773","2350.214","24.559","101.045","0.134","0.611"
2000,"Virginia","45761.950","36962.359","8799.591","123.807","3.269","19.920"
2000,"Washington","47530.536","39592.557","7937.979","120.049","3.308","17.118"
2000,"West Virginia","4091.338","7168.388","-3077.050","57.075","-7.241","-28.598"
2000,"Wisconsin","65630.904","39827.943","25802.961","164.786","14.187","60.003"
2000,"Wyoming","3631.610","3357.593","274.017","108.161","1.582","3.898"
